ID,Source,TimeGST,TimeEpoch,Upvotes,NumComments,Title,Url
1,HackerNews,2020-07-22T22:16:41.000Z,1595456201,171,63,flash game history,http://www.flashgamehistory.com/
2,HackerNews,2020-07-22T21:27:04.000Z,1595453224,154,41,new feature gnuplot,https://lwn.net/SubscriberLink/826456/2ea90dd464e104d5/
3,HackerNews,2020-07-22T21:09:11.000Z,1595452151,307,110,amazon ion,https://amzn.github.io/ion-docs/
4,HackerNews,2020-07-22T20:56:24.000Z,1595451384,418,399,get invited party,https://medium.com/@cyril0allen/who-gets-invited-to-the-party-246a1ba6849a
5,HackerNews,2020-07-22T20:56:10.000Z,1595451370,242,40,show hn react guitar guitar component react,https://react-guitar.com
24,HackerNews,2020-03-14T13:54:59.000Z,1584194099,119,25,godot reimplementation supertux,https://github.com/Alzter/TuxBuilder
321,HackerNews,2020-03-09T02:26:33.000Z,1583720793,114,62,building ai predict human age blood sample,https://colekillian.com/post/methylation-age-prediction/
126,HackerNews,2020-02-27T15:42:44.000Z,1582818164,284,130,raspberry pi come double ram,https://www.engadget.com/2020/02/27/35-raspberry-pi-4-double-ram-2-GB/
645,HackerNews,2020-02-16T21:12:40.000Z,1581887560,160,49,writing grant application,https://billwadge.wordpress.com/2020/02/10/im-good-enough-im-smart-enough-and-dog-gone-it-people-like-me-writing-grant-applications
646,HackerNews,2020-02-16T20:58:07.000Z,1581886687,82,17,show hn nodebook multilang web repl docker,https://github.com/netgusto/nodebook
660,HackerNews,2020-02-16T15:34:32.000Z,1581867272,200,126,apollo io reddit app built power speed,https://apolloapp.io/
